{"cameraMode":{"drawMode":0,"name":"Shaded","section":"Shading Mode"},"sceneLighting":true,"audioPlay":false,"sceneViewState":{"showFog":true,"showMaterialUpdate":false,"showSkybox":false,"showFlares":true,"showImageEffects":true,"showParticleSystems":true},"in2DMode":false,"pivot":{"x":-828.049560546875,"y":160.0548553466797,"z":1155.822021484375},"rotation":{"x":0.0867609903216362,"y":-0.6208109855651856,"z":0.06936680525541306,"w":0.7760874629020691},"size":1469.2901611328125,"orthographic":false}